step,amount,oldbalanceOrg,newbalanceOrig,oldbalanceDest,newbalanceDest,isFraud,balance_diff_orig,balance_diff_dest,amount_x_oldbalanceOrg,amount_x_newbalanceOrig,amount_x_oldbalanceDest,amount_x_newbalanceDest,type_CASH_IN,type_CASH_OUT,type_DEBIT,type_PAYMENT,type_TRANSFER,amount_gt_10pct_orig,sample_id
514,283428.43,0.0,0.0,1047948.48,1331376.91,0,0.0,283428.42999999993,0.0,0.0,297018392407.2864,377350067339.5513,False,True,False,False,False,1,0
419,2375.4,6043496.43,6045871.83,2646209.31,2643833.91,0,2375.4000000003725,-2375.399999999907,14355721419.822,14361363944.982,6285805594.974,6280163069.814,True,False,False,False,False,0,1
279,83980.08,3943.0,87923.08,246032.62,162052.53,0,83980.08,-83980.09,331133455.44,7383787292.2464,20661839110.2096,13609184433.6024,True,False,False,False,False,1,2
288,28636.24,28636.24,0.0,0.0,0.0,1,-28636.24,0.0,820034241.3376001,0.0,0.0,0.0,False,False,False,False,True,1,3
417,1595802.4250999948,2028897.08,0.0,4194222.4,6223119.48,1,-2028897.08,2028897.0800000003,3237718880542.2983,0.0,6693150277328.72,9930869157871.02,False,True,False,False,False,1,4
8,1996.17,1996.17,0.0,2559.74,4555.92,1,-1996.17,1996.1800000000003,3984694.6689,0.0,5109676.1958,9094390.8264,False,True,False,False,False,1,5
